DELETE FROM Confers;
DELETE FROM Requires;
DELETE FROM Prereq;
DELETE FROM Offers;
DELETE FROM Courses;
DELETE FROM Degree;
DELETE FROM Has;
DELETE FROM Departments;
DELETE FROM Faculties;

INSERT INTO Faculties VALUES ('SOC','School of Computing');
INSERT INTO Faculties VALUES ('FASS','Faculty of Arts and Social Science');
INSERT INTO Faculties VALUES ('SCI','Faculty of Science');
INSERT INTO Faculties VALUES ('BIZ','School of Business');
INSERT INTO Faculties VALUES ('ARCH','Architecture');

INSERT INTO Departments VALUES ('Computer Science','13 Computing Drive');
INSERT INTO Departments VALUES ('Information System','13 Computing Drive');
INSERT INTO Departments VALUES ('Geography','1 Arts Link');
INSERT INTO Departments VALUES ('Philosophy',NULL);
INSERT INTO Departments VALUES ('Mathematics','10 Lower Kent Ridge Road');
INSERT INTO Departments VALUES ('Statistics','6 Science Drive');
INSERT INTO Departments VALUES ('Physics','2 Science Drive');
INSERT INTO Departments VALUES ('Marketing','15 Kent Ridge Drive');
INSERT INTO Departments VALUES ('Maritime Studies','12 Prince George Park');
INSERT INTO Departments VALUES ('Language','3 Arts Link');

INSERT INTO Has VALUES ('SOC','Computer Science');
INSERT INTO Has VALUES ('SCI','Computer Science');
INSERT INTO Has VALUES ('SOC','Information System');
INSERT INTO Has VALUES ('FASS','Geography');
INSERT INTO Has VALUES ('FASS','Philosophy');
INSERT INTO Has VALUES ('FASS','Language');
INSERT INTO Has VALUES ('SCI','Philosophy');
INSERT INTO Has VALUES ('SCI','Mathematics');
INSERT INTO Has VALUES ('SCI','Statistics');
INSERT INTO Has VALUES ('SCI','Physics');
INSERT INTO Has VALUES ('BIZ','Marketing');

INSERT INTO Degree VALUES ('DComp','Diploma in Computing','Diploma');
INSERT INTO Degree VALUES ('BComp','Bachelor of Computing','Undergrad');
INSERT INTO Degree VALUES ('BComp (Sec)','Bachelor of Computing in Security','Undergrad');
-- INSERT INTO Degree VALUES ('BA','Bachelor of Arts','Undergrad');
INSERT INTO Degree VALUES ('BPhil','Bachelor of Philosophy','Undergrad');
INSERT INTO Degree VALUES ('BSc','Bachelor of Science','Undergrad');
INSERT INTO Degree VALUES ('BSc (Comp)','Bachelor of Science in Computing','Undergrad');
INSERT INTO Degree VALUES ('BBA','Bachelor of Business Administration','Undergrad');
INSERT INTO Degree VALUES ('MSc','Master of Science','Graduate');
INSERT INTO Degree VALUES ('MComp','Master of Computing','Graduate');

INSERT INTO Courses VALUES ('CS101','Intro to Programming',2);
INSERT INTO Courses VALUES ('CS102','Discrete Mathematics',2);
INSERT INTO Courses VALUES ('CS107','Intro to Security',2);
INSERT INTO Courses VALUES ('CS201','Data Structures',3);
INSERT INTO Courses VALUES ('CS202','Algorithms',3);
INSERT INTO Courses VALUES ('CS203','Programming Methodology',3);
INSERT INTO Courses VALUES ('CS212','Database Systems',4);
INSERT INTO Courses VALUES ('CS323','Analysis of Algorithms',4);
INSERT INTO Courses VALUES ('CS325','Computer Security',4);
INSERT INTO Courses VALUES ('CS322','Implementing Database and Optimization',4);
INSERT INTO Courses VALUES ('CS412','Distributed Database',4);
INSERT INTO Courses VALUES ('CS415','Automata',4);
INSERT INTO Courses VALUES ('CS523','Advanced Automata',4);
INSERT INTO Courses VALUES ('CS524','Distributed Algorithms',4);
INSERT INTO Courses VALUES ('FY400','Final Year Project',8);
INSERT INTO Courses VALUES ('IS101','Intro to Information System',2);
INSERT INTO Courses VALUES ('IS108','Data Ethics',2);
INSERT INTO Courses VALUES ('IS221','Digital Platforms',2);
INSERT INTO Courses VALUES ('IS312','Digital Enterprise',4);
INSERT INTO Courses VALUES ('IS406','Capstone Project',8);
INSERT INTO Courses VALUES ('MA101','Algebra I',2);
INSERT INTO Courses VALUES ('MA102','Discrete Mathematics',2);
INSERT INTO Courses VALUES ('MA103','Calculus I',2);
INSERT INTO Courses VALUES ('MA201','Algebra II',4);
INSERT INTO Courses VALUES ('MA203','Calculus II',4);
INSERT INTO Courses VALUES ('MA301','Linear Algebra',4);
INSERT INTO Courses VALUES ('MA420','Logic',4);
INSERT INTO Courses VALUES ('MA421','Partial Differential Equations',4);
INSERT INTO Courses VALUES ('MA599','Inter-Universal Teichmuller Theory',999);
INSERT INTO Courses VALUES ('MS401','Ebbs and Flows',4);
INSERT INTO Courses VALUES ('MT101','Intro to Marketing',2);
INSERT INTO Courses VALUES ('MT201','Digital Marketing',3);
INSERT INTO Courses VALUES ('MT303','Marketing Strategy',3);
INSERT INTO Courses VALUES ('MT304','Consumer Behaviour',3);
INSERT INTO Courses VALUES ('MT481','Pricing Strategy',4);
INSERT INTO Courses VALUES ('PC219','Experimental Physics',3);
INSERT INTO Courses VALUES ('PC333','Statistical Physics',3);
INSERT INTO Courses VALUES ('PC507','Optical Physics',6);
INSERT INTO Courses VALUES ('PC520','Surface Physics',6);
INSERT INTO Courses VALUES ('PH100','Intro to Philosophy',1);
INSERT INTO Courses VALUES ('PH200','Syntax',2);
INSERT INTO Courses VALUES ('PH300','Logic',3);
INSERT INTO Courses VALUES ('PH400','Tautology',4);
INSERT INTO Courses VALUES ('PW200','Internship',8);
INSERT INTO Courses VALUES ('ST103','Probabilities',2);
INSERT INTO Courses VALUES ('ST223','Mathematical Statistics',2);
INSERT INTO Courses VALUES ('ST423','Linear Models',4);

INSERT INTO Offers VALUES ('CS101','Computer Science',1);
INSERT INTO Offers VALUES ('CS102','Computer Science',1);
INSERT INTO Offers VALUES ('CS102','Mathematics',1);
INSERT INTO Offers VALUES ('CS107','Computer Science',1);
INSERT INTO Offers VALUES ('CS201','Computer Science',1);
INSERT INTO Offers VALUES ('CS202','Computer Science',1);
INSERT INTO Offers VALUES ('CS203','Computer Science',1);
INSERT INTO Offers VALUES ('CS212','Computer Science',1);
INSERT INTO Offers VALUES ('CS325','Computer Science',1);
INSERT INTO Offers VALUES ('CS415','Computer Science',1);
INSERT INTO Offers VALUES ('FY400','Computer Science',1);
INSERT INTO Offers VALUES ('FY400','Information System',1);
INSERT INTO Offers VALUES ('FY400','Geography',1);
INSERT INTO Offers VALUES ('FY400','Philosophy',1);
INSERT INTO Offers VALUES ('FY400','Mathematics',1);
INSERT INTO Offers VALUES ('FY400','Statistics',1);
INSERT INTO Offers VALUES ('FY400','Marketing',1);
INSERT INTO Offers VALUES ('FY400','Maritime Studies',1);
INSERT INTO Offers VALUES ('IS101','Computer Science',1);
INSERT INTO Offers VALUES ('IS108','Information System',1);
INSERT INTO Offers VALUES ('IS221','Information System',1);
INSERT INTO Offers VALUES ('IS312','Information System',1);
INSERT INTO Offers VALUES ('IS406','Information System',1);
INSERT INTO Offers VALUES ('MA101','Mathematics',1);
INSERT INTO Offers VALUES ('MA102','Mathematics',1);
INSERT INTO Offers VALUES ('MA103','Mathematics',1);
INSERT INTO Offers VALUES ('MA201','Mathematics',1);
INSERT INTO Offers VALUES ('MA203','Mathematics',1);
INSERT INTO Offers VALUES ('MA420','Mathematics',1);
INSERT INTO Offers VALUES ('MS401','Maritime Studies',1);
INSERT INTO Offers VALUES ('MT101','Marketing',1);
INSERT INTO Offers VALUES ('MT201','Marketing',1);
INSERT INTO Offers VALUES ('MT303','Marketing',1);
INSERT INTO Offers VALUES ('MT481','Marketing',1);
INSERT INTO Offers VALUES ('PC219','Physics',1);
INSERT INTO Offers VALUES ('PC333','Physics',1);
INSERT INTO Offers VALUES ('PC507','Physics',1);
INSERT INTO Offers VALUES ('PC520','Physics',1);
INSERT INTO Offers VALUES ('PH100','Philosophy',1);
INSERT INTO Offers VALUES ('PH300','Philosophy',1);
INSERT INTO Offers VALUES ('PW200','Computer Science',1);
INSERT INTO Offers VALUES ('PW200','Information System',1);
INSERT INTO Offers VALUES ('PW200','Geography',1);
INSERT INTO Offers VALUES ('PW200','Philosophy',1);
INSERT INTO Offers VALUES ('PW200','Mathematics',1);
INSERT INTO Offers VALUES ('PW200','Statistics',1);
INSERT INTO Offers VALUES ('PW200','Marketing',1);
INSERT INTO Offers VALUES ('PW200','Maritime Studies',1);
INSERT INTO Offers VALUES ('ST103','Mathematics',1);
INSERT INTO Offers VALUES ('ST103','Statistics',1);
INSERT INTO Offers VALUES ('ST223','Statistics',1);

INSERT INTO Offers VALUES ('CS101','Computer Science',2);
INSERT INTO Offers VALUES ('CS102','Computer Science',2);
INSERT INTO Offers VALUES ('CS107','Computer Science',2);
INSERT INTO Offers VALUES ('CS201','Computer Science',2);
INSERT INTO Offers VALUES ('CS202','Mathematics',2);
INSERT INTO Offers VALUES ('CS203','Computer Science',2);
INSERT INTO Offers VALUES ('CS212','Computer Science',2);
INSERT INTO Offers VALUES ('CS323','Computer Science',2);
INSERT INTO Offers VALUES ('CS412','Computer Science',2);
INSERT INTO Offers VALUES ('CS523','Computer Science',2);
INSERT INTO Offers VALUES ('CS524','Computer Science',2);
INSERT INTO Offers VALUES ('FY400','Computer Science',2);
INSERT INTO Offers VALUES ('FY400','Information System',2);
INSERT INTO Offers VALUES ('FY400','Geography',2);
INSERT INTO Offers VALUES ('FY400','Philosophy',2);
INSERT INTO Offers VALUES ('FY400','Mathematics',2);
INSERT INTO Offers VALUES ('FY400','Statistics',2);
INSERT INTO Offers VALUES ('FY400','Marketing',2);
INSERT INTO Offers VALUES ('FY400','Maritime Studies',2);
INSERT INTO Offers VALUES ('FY400','Physics',2);
INSERT INTO Offers VALUES ('IS101','Information System',2);
INSERT INTO Offers VALUES ('IS108','Information System',2);
INSERT INTO Offers VALUES ('IS221','Information System',2);
INSERT INTO Offers VALUES ('IS406','Information System',2);
INSERT INTO Offers VALUES ('MA101','Mathematics',2);
INSERT INTO Offers VALUES ('MA102','Computer Science',2);
INSERT INTO Offers VALUES ('MA103','Physics',2);
INSERT INTO Offers VALUES ('MA201','Mathematics',2);
INSERT INTO Offers VALUES ('MA203','Mathematics',2);
INSERT INTO Offers VALUES ('MA301','Mathematics',2);
INSERT INTO Offers VALUES ('MA421','Mathematics',2);
INSERT INTO Offers VALUES ('MT101','Marketing',2);
INSERT INTO Offers VALUES ('MT201','Marketing',2);
INSERT INTO Offers VALUES ('MT304','Marketing',2);
INSERT INTO Offers VALUES ('PH100','Philosophy',2);
INSERT INTO Offers VALUES ('PH200','Philosophy',2);
INSERT INTO Offers VALUES ('PH400','Philosophy',2);
INSERT INTO Offers VALUES ('PC333','Statistics',1);
INSERT INTO Offers VALUES ('ST103','Statistics',2);
INSERT INTO Offers VALUES ('ST423','Statistics',2);

INSERT INTO Prereq VALUES ('CS101','CS107');
INSERT INTO Prereq VALUES ('CS101','CS201');
INSERT INTO Prereq VALUES ('CS101','CS202');
INSERT INTO Prereq VALUES ('CS102','CS202');
INSERT INTO Prereq VALUES ('CS101','CS203');
INSERT INTO Prereq VALUES ('CS202','CS212');
INSERT INTO Prereq VALUES ('CS203','CS212');
INSERT INTO Prereq VALUES ('CS202','CS323');
INSERT INTO Prereq VALUES ('CS107','CS325');
INSERT INTO Prereq VALUES ('CS212','CS412');
INSERT INTO Prereq VALUES ('IS101','IS221');
INSERT INTO Prereq VALUES ('IS221','IS312');
INSERT INTO Prereq VALUES ('MA101','MA201');
INSERT INTO Prereq VALUES ('MA103','MA203');
INSERT INTO Prereq VALUES ('MA201','MA301');
INSERT INTO Prereq VALUES ('MA203','MA421');
INSERT INTO Prereq VALUES ('MA201','MA421');
INSERT INTO Prereq VALUES ('MT101','MT303');
INSERT INTO Prereq VALUES ('MT303','MT304');
INSERT INTO Prereq VALUES ('PH100','PH200');
INSERT INTO Prereq VALUES ('PH200','PH300');
INSERT INTO Prereq VALUES ('PH300','PH400');
INSERT INTO Prereq VALUES ('ST103','ST223');
INSERT INTO Prereq VALUES ('ST223','ST423');

INSERT INTO Requires VALUES ('DComp','CS101');
INSERT INTO Requires VALUES ('DComp','IS101');
INSERT INTO Requires VALUES ('BComp','FY400');
INSERT INTO Requires VALUES ('BComp','CS415');
INSERT INTO Requires VALUES ('BComp','CS323');
INSERT INTO Requires VALUES ('BComp','CS201');
INSERT INTO Requires VALUES ('BComp (Sec)','FY400');
INSERT INTO Requires VALUES ('BComp (Sec)','CS325');
INSERT INTO Requires VALUES ('BComp (Sec)','CS201');
INSERT INTO Requires VALUES ('BPhil','PH400');
INSERT INTO Requires VALUES ('BPhil','MA420');
INSERT INTO Requires VALUES ('BSc','MA420');
INSERT INTO Requires VALUES ('BSc','MA421');
INSERT INTO Requires VALUES ('BSc','PC219');
INSERT INTO Requires VALUES ('BSc (Comp)','MA420');
INSERT INTO Requires VALUES ('BSc (Comp)','CS415');
INSERT INTO Requires VALUES ('BBA','MT101');
INSERT INTO Requires VALUES ('BBA','MT201');
INSERT INTO Requires VALUES ('BBA','MT303');
INSERT INTO Requires VALUES ('BBA','MT304');
INSERT INTO Requires VALUES ('BBA','MT481');
INSERT INTO Requires VALUES ('MSc','PC507');
INSERT INTO Requires VALUES ('MSc','PC520');
INSERT INTO Requires VALUES ('MComp','CS523');
INSERT INTO Requires VALUES ('MComp','CS524');

INSERT INTO Confers VALUES ('DComp', 'SOC');  -- added
INSERT INTO Confers VALUES ('BComp', 'SOC');
INSERT INTO Confers VALUES ('BComp (Sec)', 'SOC');
INSERT INTO Confers VALUES ('BPhil', 'FASS');
INSERT INTO Confers VALUES ('BPhil', 'SCI');
INSERT INTO Confers VALUES ('BSc', 'SCI');
INSERT INTO Confers VALUES ('BSc (Comp)', 'SCI');
INSERT INTO Confers VALUES ('BSc (Comp)', 'SOC');
INSERT INTO Confers VALUES ('BBA', 'BIZ');
INSERT INTO Confers VALUES ('MSc', 'SCI');
INSERT INTO Confers VALUES ('MComp', 'SOC');

